Title,Short description,Full description
Eşle Gitsin! 3D,Eğlenceli 3D kart eşleme ve bulmaca macerası! Çarkıfelek ve yapboz günlüğü!,"Eşle Gitsin! 3D ile eğlenceli ve zeka dolu bir 3D eşleştirme macerasına hazır olun! 

Sevimli hayvan kartlarını eşleştirin, 5 slotlu tepsiyi doldurmadan tahtayı temizleyin ve bölümleri geçin!

🎮 OYUN ÖZELLİKLERİ:
• 2 Farklı Oyun Modu: Rahatlatıcı Klasik Mod veya heyecan dolu Zamana Karşı Mod!
• Yapboz Günlüğü: Bölümleri geçtikçe ve sandık açtıkça sevimli yapboz parçalarını toplayın ve günlüğünüzü tamamlayın!
• Şans Çarkı: Günlük çarkı çevirin, sürpriz altın ve yapboz parçaları kazanabilirsiniz!
• Güçlü Jokerler: İpucu, +1 Acil Slot ve Tahtayı Karıştır jokerleri ile zorlu seviyeleri kolayca aşın!
• 7 Dil Desteği ve Muhteşem 3D Grafikler!

Hemen indirin ve eşleştirme macerasına başlayın!"
